is_planned,ide,violation_id,range
планова,13040,197204,15.123006134969325
позапланова,63719,585699,9.191905083256172
